OrderID,CustomerID,ProductID,TerritoryID,OrderDate,Quantity,UnitPrice,SalesAmount
ORD000001,CUST0380,P009,T004,2024-10-16,1,1200,1200
ORD000002,CUST0053,P022,T002,2023-08-17,2,85000,170000
ORD000003,CUST0016,P003,T004,2024-08-27,4,1200,4800
ORD000004,CUST0014,P018,T004,2023-08-27,5,65000,325000
ORD000005,CUST0113,P015,T005,2025-01-03,5,45000,225000
ORD000006,CUST0217,P011,T005,2023-01-07,2,85000,170000
ORD000007,CUST0053,P003,T007,2023-06-09,2,32000,64000
ORD000008,CUST0310,P009,T001,2023-04-10,3,32000,96000
ORD000009,CUST0064,P030,T007,2025-01-17,4,65000,260000
ORD000010,CUST0425,P021,T006,2023-03-22,5,32000,160000
ORD000011,CUST0036,P002,T004,2024-08-14,2,85000,170000
ORD000012,CUST0438,P008,T002,2025-03-02,3,1200,3600
ORD000013,CUST0326,P027,T006,2024-01-25,3,45000,135000
ORD000014,CUST0108,P022,T005,2023-06-16,3,32000,96000
ORD000015,CUST0326,P006,T004,2024-12-19,1,65000,65000
ORD000016,CUST0139,P030,T004,2023-06-17,4,45000,180000
ORD000017,CUST0118,P027,T001,2024-12-02,3,1200,3600
ORD000018,CUST0034,P007,T006,2023-11-20,4,32000,128000
ORD000019,CUST0330,P015,T003,2023-08-06,4,45000,180000
ORD000020,CUST0382,P018,T005,2023-09-29,2,7500,15000
ORD000021,CUST0299,P013,T006,2025-02-03,5,45000,225000
ORD000022,CUST0253,P003,T001,2023-08-13,2,65000,130000
ORD000023,CUST0082,P026,T007,2023-04-23,2,85000,170000
ORD000024,CUST0196,P020,T008,2024-09-02,1,45000,45000
ORD000025,CUST0441,P001,T002,2024-06-25,3,65000,195000
ORD000026,CUST0394,P021,T006,2024-11-29,5,32000,160000
ORD000027,CUST0081,P015,T001,2023-04-25,3,45000,135000
ORD000028,CUST0391,P006,T002,2025-01-09,3,65000,195000
ORD000029,CUST0260,P020,T004,2024-10-02,3,85000,255000
ORD000030,CUST0277,P025,T001,2023-06-06,3,7500,22500
ORD000031,CUST0010,P004,T006,2024-09-05,3,45000,135000
ORD000032,CUST0124,P029,T002,2023-11-11,2,1200,2400
ORD000033,CUST0390,P018,T003,2023-03-29,4,1200,4800
ORD000034,CUST0085,P009,T007,2023-05-12,4,65000,260000
ORD000035,CUST0354,P007,T005,2023-08-05,5,85000,425000
ORD000036,CUST0265,P015,T002,2024-02-13,3,45000,135000
ORD000037,CUST0174,P001,T004,2023-09-11,2,1200,2400
ORD000038,CUST0037,P023,T001,2024-08-25,2,1200,2400
ORD000039,CUST0441,P011,T002,2023-08-23,1,1200,1200
ORD000040,CUST0343,P016,T004,2024-06-10,2,32000,64000
ORD000041,CUST0293,P019,T008,2024-07-06,2,85000,170000
ORD000042,CUST0098,P004,T002,2023-09-06,4,45000,180000
ORD000043,CUST0217,P014,T008,2024-11-05,4,32000,128000
ORD000044,CUST0335,P021,T002,2025-01-16,1,85000,85000
ORD000045,CUST0174,P026,T002,2023-03-04,4,85000,340000
ORD000046,CUST0275,P015,T003,2023-09-12,2,7500,15000
ORD000047,CUST0237,P008,T002,2024-03-08,2,32000,64000
ORD000048,CUST0026,P021,T001,2024-03-29,5,1200,6000
ORD000049,CUST0209,P016,T008,2023-04-06,2,7500,15000
ORD000050,CUST0085,P013,T001,2023-08-07,4,1200,4800
ORD000051,CUST0147,P014,T008,2024-02-04,3,45000,135000
ORD000052,CUST0112,P002,T001,2023-06-08,2,32000,64000
ORD000053,CUST0026,P019,T008,2025-02-04,3,1200,3600
ORD000054,CUST0030,P017,T002,2024-05-29,5,7500,37500
ORD000055,CUST0035,P022,T004,2023-07-10,1,65000,65000
ORD000056,CUST0127,P019,T001,2024-02-18,1,65000,65000
ORD000057,CUST0337,P019,T006,2024-09-26,1,45000,45000
ORD000058,CUST0367,P011,T004,2023-09-25,2,85000,170000
ORD000059,CUST0344,P021,T005,2023-09-29,4,7500,30000
ORD000060,CUST0005,P015,T002,2024-04-13,3,1200,3600
ORD000061,CUST0260,P009,T003,2023-03-17,5,7500,37500
ORD000062,CUST0190,P010,T003,2023-12-24,1,7500,7500
ORD000063,CUST0155,P020,T001,2024-03-24,5,85000,425000
ORD000064,CUST0340,P004,T003,2024-11-14,5,32000,160000
ORD000065,CUST0381,P018,T003,2023-09-28,1,1200,1200
ORD000066,CUST0108,P023,T006,2023-10-06,3,65000,195000
ORD000067,CUST0251,P009,T001,2023-07-28,3,65000,195000
ORD000068,CUST0023,P001,T006,2023-04-05,4,32000,128000
ORD000069,CUST0135,P006,T008,2025-02-28,2,85000,170000
ORD000070,CUST0005,P004,T002,2024-07-18,4,65000,260000
ORD000071,CUST0019,P027,T006,2024-12-08,2,65000,130000
ORD000072,CUST0221,P005,T001,2024-08-19,5,7500,37500
ORD000073,CUST0184,P007,T004,2023-11-12,3,1200,3600
ORD000074,CUST0400,P018,T007,2024-11-13,1,32000,32000
ORD000075,CUST0443,P006,T003,2024-09-27,2,7500,15000
ORD000076,CUST0378,P030,T006,2024-02-27,1,7500,7500
ORD000077,CUST0082,P026,T002,2024-02-26,2,32000,64000
ORD000078,CUST0114,P007,T008,2024-01-27,1,45000,45000
ORD000079,CUST0115,P001,T004,2023-12-25,3,7500,22500
ORD000080,CUST0443,P003,T005,2024-02-13,3,32000,96000
ORD000081,CUST0348,P027,T006,2023-12-26,5,45000,225000
ORD000082,CUST0092,P019,T005,2023-01-29,1,32000,32000
ORD000083,CUST0223,P012,T006,2023-02-09,1,65000,65000
ORD000084,CUST0060,P013,T004,2024-03-22,5,65000,325000
ORD000085,CUST0224,P001,T004,2023-09-18,1,85000,85000
ORD000086,CUST0341,P030,T006,2024-01-08,4,1200,4800
ORD000087,CUST0435,P004,T005,2024-09-30,3,85000,255000
ORD000088,CUST0210,P011,T007,2024-06-03,3,85000,255000
ORD000089,CUST0066,P007,T007,2024-12-14,3,65000,195000
ORD000090,CUST0384,P029,T003,2024-11-11,4,85000,340000
ORD000091,CUST0208,P018,T001,2024-09-22,5,32000,160000
ORD000092,CUST0221,P026,T006,2023-11-08,3,7500,22500
ORD000093,CUST0346,P007,T008,2024-04-21,4,45000,180000
ORD000094,CUST0044,P010,T006,2025-01-23,2,85000,170000
ORD000095,CUST0159,P008,T004,2023-04-06,2,85000,170000
ORD000096,CUST0126,P016,T002,2023-05-31,1,1200,1200
ORD000097,CUST0295,P007,T007,2024-04-11,4,85000,340000
ORD000098,CUST0076,P021,T001,2024-05-21,4,7500,30000
ORD000099,CUST0113,P006,T008,2025-02-07,1,45000,45000
ORD000100,CUST0435,P004,T008,2023-02-21,5,7500,37500
ORD000101,CUST0272,P018,T006,2023-05-17,4,85000,340000
ORD000102,CUST0418,P024,T007,2025-02-12,4,65000,260000
ORD000103,CUST0381,P028,T008,2024-07-15,4,7500,30000
ORD000104,CUST0431,P021,T005,2024-04-05,3,7500,22500
ORD000105,CUST0321,P008,T005,2025-02-23,5,45000,225000
ORD000106,CUST0147,P008,T005,2024-03-26,1,85000,85000
ORD000107,CUST0042,P005,T003,2023-12-10,3,65000,195000
ORD000108,CUST0079,P023,T004,2023-08-25,4,85000,340000
ORD000109,CUST0170,P018,T008,2023-03-07,4,45000,180000
ORD000110,CUST0427,P014,T007,2024-03-01,1,7500,7500
ORD000111,CUST0011,P028,T007,2025-02-27,5,85000,425000
ORD000112,CUST0153,P025,T007,2024-05-03,1,32000,32000
ORD000113,CUST0377,P018,T004,2024-03-05,5,85000,425000
ORD000114,CUST0224,P016,T001,2024-05-14,2,32000,64000
ORD000115,CUST0348,P026,T007,2024-02-03,3,85000,255000
ORD000116,CUST0066,P020,T001,2025-01-11,2,45000,90000
ORD000117,CUST0340,P001,T002,2024-02-08,5,65000,325000
ORD000118,CUST0444,P015,T003,2024-10-20,4,7500,30000
ORD000119,CUST0168,P007,T008,2023-02-21,3,45000,135000
ORD000120,CUST0143,P025,T007,2023-12-01,3,45000,135000
ORD000121,CUST0010,P024,T001,2023-09-16,1,45000,45000
ORD000122,CUST0036,P025,T001,2023-12-25,2,85000,170000
ORD000123,CUST0103,P027,T001,2025-02-11,1,7500,7500
ORD000124,CUST0065,P016,T002,2024-09-28,2,7500,15000
ORD000125,CUST0359,P009,T006,2024-07-31,2,45000,90000
ORD000126,CUST0383,P023,T002,2023-06-21,5,65000,325000
ORD000127,CUST0056,P019,T001,2025-03-07,2,32000,64000
ORD000128,CUST0193,P013,T004,2023-11-16,5,85000,425000
ORD000129,CUST0426,P021,T004,2023-03-19,5,85000,425000
ORD000130,CUST0308,P026,T002,2023-04-15,3,85000,255000
ORD000131,CUST0273,P014,T006,2024-08-02,1,32000,32000
ORD000132,CUST0175,P001,T007,2023-03-12,5,85000,425000
ORD000133,CUST0186,P021,T008,2024-05-16,1,45000,45000
ORD000134,CUST0091,P024,T005,2024-12-25,2,45000,90000
ORD000135,CUST0239,P014,T005,2024-09-22,5,45000,225000
ORD000136,CUST0143,P029,T008,2023-11-27,2,1200,2400
ORD000137,CUST0313,P022,T007,2023-09-07,4,65000,260000
ORD000138,CUST0436,P011,T003,2023-12-11,1,45000,45000
ORD000139,CUST0409,P009,T006,2024-05-14,2,32000,64000
ORD000140,CUST0142,P018,T001,2023-10-14,5,85000,425000
ORD000141,CUST0124,P024,T007,2024-06-13,2,1200,2400
ORD000142,CUST0354,P016,T008,2024-05-15,5,7500,37500
ORD000143,CUST0151,P008,T007,2024-04-03,1,1200,1200
ORD000144,CUST0340,P019,T006,2024-12-09,2,32000,64000
ORD000145,CUST0177,P014,T006,2024-04-29,5,65000,325000
ORD000146,CUST0157,P009,T004,2023-12-27,4,32000,128000
ORD000147,CUST0062,P024,T003,2023-05-04,2,32000,64000
ORD000148,CUST0248,P009,T005,2023-07-16,2,85000,170000
ORD000149,CUST0117,P012,T003,2023-04-13,2,32000,64000
ORD000150,CUST0274,P005,T005,2023-11-06,1,85000,85000
ORD000151,CUST0150,P023,T003,2023-02-16,1,65000,65000
ORD000152,CUST0447,P001,T005,2024-10-15,4,1200,4800
ORD000153,CUST0175,P006,T001,2024-04-25,4,45000,180000
ORD000154,CUST0421,P003,T007,2023-09-16,4,1200,4800
ORD000155,CUST0323,P022,T001,2024-05-18,1,65000,65000
ORD000156,CUST0156,P003,T004,2023-06-05,2,65000,130000
ORD000157,CUST0311,P020,T004,2023-05-02,5,45000,225000
ORD000158,CUST0231,P030,T008,2025-03-05,5,45000,225000
ORD000159,CUST0157,P019,T001,2023-11-01,5,45000,225000
ORD000160,CUST0321,P007,T005,2024-09-16,1,7500,7500
ORD000161,CUST0123,P006,T002,2024-11-07,1,7500,7500
ORD000162,CUST0231,P023,T008,2023-06-10,1,45000,45000
ORD000163,CUST0148,P023,T005,2023-10-26,1,7500,7500
ORD000164,CUST0352,P008,T005,2024-12-20,4,1200,4800
ORD000165,CUST0412,P030,T004,2024-10-02,5,85000,425000
ORD000166,CUST0116,P021,T003,2024-03-11,1,65000,65000
ORD000167,CUST0031,P006,T005,2023-09-30,2,1200,2400
ORD000168,CUST0225,P004,T008,2024-09-01,5,32000,160000
ORD000169,CUST0207,P009,T008,2024-12-06,3,85000,255000
ORD000170,CUST0021,P029,T007,2024-03-24,1,65000,65000
ORD000171,CUST0129,P001,T002,2025-01-22,3,65000,195000
ORD000172,CUST0011,P025,T005,2023-08-23,5,65000,325000
ORD000173,CUST0241,P017,T008,2024-08-13,1,7500,7500
ORD000174,CUST0224,P021,T008,2023-10-12,2,65000,130000
ORD000175,CUST0210,P011,T006,2023-04-04,4,32000,128000
ORD000176,CUST0169,P014,T008,2024-11-17,1,7500,7500
ORD000177,CUST0019,P015,T002,2023-10-23,4,65000,260000
ORD000178,CUST0060,P025,T007,2023-11-19,3,32000,96000
ORD000179,CUST0446,P018,T008,2024-06-10,1,85000,85000
ORD000180,CUST0266,P012,T008,2024-02-28,1,7500,7500
ORD000181,CUST0105,P009,T003,2024-10-02,4,1200,4800
ORD000182,CUST0249,P004,T001,2023-10-22,4,85000,340000
ORD000183,CUST0364,P006,T005,2024-10-07,5,7500,37500
ORD000184,CUST0209,P003,T004,2024-07-18,1,65000,65000
ORD000185,CUST0332,P027,T003,2023-04-27,4,1200,4800
ORD000186,CUST0362,P009,T007,2024-05-25,3,65000,195000
ORD000187,CUST0234,P018,T003,2024-05-09,4,7500,30000
ORD000188,CUST0261,P024,T003,2024-01-28,2,65000,130000
ORD000189,CUST0175,P030,T005,2023-03-13,3,45000,135000
ORD000190,CUST0153,P027,T008,2023-01-03,3,85000,255000
ORD000191,CUST0248,P012,T006,2023-06-02,4,65000,260000
ORD000192,CUST0234,P030,T006,2024-07-19,5,45000,225000
ORD000193,CUST0197,P008,T007,2023-07-13,2,65000,130000
ORD000194,CUST0243,P023,T007,2023-02-14,3,85000,255000
ORD000195,CUST0019,P005,T006,2024-01-31,2,45000,90000
ORD000196,CUST0270,P030,T008,2023-04-13,4,1200,4800
ORD000197,CUST0446,P021,T003,2023-01-16,2,45000,90000
ORD000198,CUST0174,P020,T007,2023-03-18,4,32000,128000
ORD000199,CUST0437,P022,T007,2024-10-27,1,32000,32000
ORD000200,CUST0019,P020,T002,2023-11-21,4,65000,260000
ORD000201,CUST0383,P003,T007,2023-08-29,3,7500,22500
ORD000202,CUST0086,P023,T005,2023-04-11,1,45000,45000
ORD000203,CUST0408,P002,T005,2023-01-30,1,32000,32000
ORD000204,CUST0075,P008,T007,2024-01-03,3,45000,135000
ORD000205,CUST0090,P003,T007,2024-08-02,2,7500,15000
ORD000206,CUST0299,P005,T004,2024-09-26,2,45000,90000
ORD000207,CUST0131,P022,T001,2024-04-17,3,45000,135000
ORD000208,CUST0280,P006,T002,2024-04-21,3,85000,255000
ORD000209,CUST0154,P021,T007,2024-03-28,3,65000,195000
ORD000210,CUST0433,P010,T004,2024-12-07,3,45000,135000
ORD000211,CUST0122,P013,T006,2024-01-29,4,1200,4800
ORD000212,CUST0152,P001,T007,2024-08-11,3,85000,255000
ORD000213,CUST0443,P022,T001,2023-10-09,1,65000,65000
ORD000214,CUST0398,P026,T004,2024-09-12,4,32000,128000
ORD000215,CUST0326,P007,T005,2024-09-13,3,7500,22500
ORD000216,CUST0050,P029,T001,2024-11-25,2,85000,170000
ORD000217,CUST0297,P012,T003,2023-11-13,4,1200,4800
ORD000218,CUST0383,P014,T003,2023-04-03,3,32000,96000
ORD000219,CUST0449,P012,T005,2023-07-25,2,65000,130000
ORD000220,CUST0413,P010,T006,2023-06-18,3,45000,135000
ORD000221,CUST0073,P025,T004,2023-04-28,4,1200,4800
ORD000222,CUST0188,P003,T007,2024-11-23,4,65000,260000
ORD000223,CUST0064,P015,T006,2023-01-15,3,65000,195000
ORD000224,CUST0196,P027,T006,2024-11-19,3,65000,195000
ORD000225,CUST0013,P020,T006,2023-04-21,2,45000,90000
ORD000226,CUST0033,P021,T008,2024-09-16,2,85000,170000
ORD000227,CUST0210,P004,T003,2024-12-18,3,85000,255000
ORD000228,CUST0253,P004,T002,2023-02-16,1,32000,32000
ORD000229,CUST0199,P015,T006,2023-08-29,5,7500,37500
ORD000230,CUST0301,P024,T003,2024-11-17,5,45000,225000
ORD000231,CUST0316,P014,T005,2024-02-29,1,45000,45000
ORD000232,CUST0228,P015,T004,2023-02-03,3,7500,22500
ORD000233,CUST0189,P018,T006,2024-01-07,1,85000,85000
ORD000234,CUST0098,P004,T008,2023-03-04,4,32000,128000
ORD000235,CUST0328,P020,T001,2023-04-04,2,85000,170000
ORD000236,CUST0065,P026,T004,2023-02-21,3,7500,22500
ORD000237,CUST0301,P007,T004,2023-03-12,5,7500,37500
ORD000238,CUST0002,P009,T003,2023-12-03,2,65000,130000
ORD000239,CUST0409,P006,T002,2023-05-14,5,32000,160000
ORD000240,CUST0008,P012,T004,2024-11-07,1,7500,7500
ORD000241,CUST0090,P009,T001,2024-08-25,3,1200,3600
ORD000242,CUST0059,P024,T002,2023-05-10,4,65000,260000
ORD000243,CUST0263,P019,T002,2024-05-02,4,32000,128000
ORD000244,CUST0315,P002,T005,2024-04-07,5,7500,37500
ORD000245,CUST0246,P028,T007,2024-04-14,1,1200,1200
ORD000246,CUST0365,P030,T008,2024-03-12,1,45000,45000
ORD000247,CUST0312,P005,T002,2023-03-17,1,32000,32000
ORD000248,CUST0325,P019,T006,2023-05-10,3,65000,195000
ORD000249,CUST0151,P015,T007,2024-01-26,5,65000,325000
ORD000250,CUST0334,P029,T004,2023-04-12,1,85000,85000
ORD000251,CUST0212,P011,T008,2024-03-16,4,7500,30000
ORD000252,CUST0049,P011,T007,2024-02-13,4,85000,340000
ORD000253,CUST0079,P022,T008,2023-11-17,3,32000,96000
ORD000254,CUST0048,P014,T002,2023-03-10,1,1200,1200
ORD000255,CUST0285,P002,T006,2025-02-01,3,7500,22500
ORD000256,CUST0182,P028,T007,2024-11-17,1,45000,45000
ORD000257,CUST0308,P010,T006,2025-01-08,1,32000,32000
ORD000258,CUST0109,P005,T008,2023-04-17,5,65000,325000
ORD000259,CUST0433,P018,T006,2023-08-18,1,32000,32000
ORD000260,CUST0116,P026,T007,2023-04-28,3,65000,195000
ORD000261,CUST0346,P021,T001,2024-07-28,5,65000,325000
ORD000262,CUST0093,P009,T005,2024-09-15,3,1200,3600
ORD000263,CUST0093,P028,T003,2023-12-14,3,1200,3600
ORD000264,CUST0073,P024,T001,2024-08-02,4,1200,4800
ORD000265,CUST0193,P014,T008,2023-04-04,5,7500,37500
ORD000266,CUST0160,P024,T006,2023-12-16,2,32000,64000
ORD000267,CUST0044,P029,T001,2025-03-06,5,65000,325000
ORD000268,CUST0026,P022,T002,2023-06-09,2,65000,130000
ORD000269,CUST0218,P016,T008,2023-10-06,4,85000,340000
ORD000270,CUST0387,P017,T002,2024-02-29,3,7500,22500
ORD000271,CUST0146,P022,T008,2023-12-20,4,1200,4800
ORD000272,CUST0113,P013,T001,2024-06-23,3,1200,3600
ORD000273,CUST0109,P025,T003,2023-01-08,2,32000,64000
ORD000274,CUST0168,P004,T001,2025-02-21,3,32000,96000
ORD000275,CUST0067,P013,T004,2024-05-24,4,7500,30000
ORD000276,CUST0413,P012,T002,2024-05-27,5,85000,425000
ORD000277,CUST0010,P015,T002,2024-02-11,1,45000,45000
ORD000278,CUST0294,P013,T007,2023-11-17,5,45000,225000
ORD000279,CUST0011,P011,T003,2023-10-24,1,45000,45000
ORD000280,CUST0186,P003,T007,2024-09-24,4,85000,340000
ORD000281,CUST0302,P013,T002,2023-04-19,2,45000,90000
ORD000282,CUST0174,P008,T006,2024-02-10,3,85000,255000
ORD000283,CUST0262,P021,T002,2025-03-08,2,1200,2400
ORD000284,CUST0398,P012,T006,2024-06-27,5,7500,37500
ORD000285,CUST0053,P005,T005,2025-01-14,2,7500,15000
ORD000286,CUST0079,P025,T002,2023-07-22,2,65000,130000
ORD000287,CUST0387,P019,T008,2023-07-01,4,45000,180000
ORD000288,CUST0326,P020,T006,2024-11-28,5,85000,425000
ORD000289,CUST0226,P003,T008,2024-10-04,3,7500,22500
ORD000290,CUST0303,P002,T006,2024-03-28,3,32000,96000
ORD000291,CUST0237,P015,T001,2024-06-03,1,32000,32000
ORD000292,CUST0040,P021,T002,2023-02-28,3,32000,96000
ORD000293,CUST0197,P015,T001,2024-09-21,5,65000,325000
ORD000294,CUST0097,P011,T008,2024-04-05,5,85000,425000
ORD000295,CUST0231,P004,T006,2024-05-28,2,1200,2400
ORD000296,CUST0331,P006,T001,2025-01-01,1,65000,65000
ORD000297,CUST0269,P017,T003,2023-09-11,4,45000,180000
ORD000298,CUST0199,P014,T006,2024-01-08,3,32000,96000
ORD000299,CUST0405,P021,T006,2024-11-26,5,1200,6000
ORD000300,CUST0286,P022,T007,2023-03-09,3,1200,3600
ORD000301,CUST0437,P022,T003,2023-10-18,3,85000,255000
ORD000302,CUST0340,P005,T006,2023-12-08,1,65000,65000
ORD000303,CUST0305,P023,T002,2023-11-14,4,7500,30000
ORD000304,CUST0330,P026,T006,2023-11-14,5,45000,225000
ORD000305,CUST0331,P022,T007,2023-05-11,5,1200,6000
ORD000306,CUST0186,P010,T003,2024-06-04,3,1200,3600
ORD000307,CUST0099,P008,T003,2023-08-08,3,45000,135000
ORD000308,CUST0433,P026,T002,2023-06-08,1,32000,32000
ORD000309,CUST0270,P002,T006,2024-06-03,5,85000,425000
ORD000310,CUST0306,P013,T003,2025-02-23,5,7500,37500
ORD000311,CUST0395,P020,T003,2023-06-16,2,85000,170000
ORD000312,CUST0211,P012,T004,2025-01-08,4,1200,4800
ORD000313,CUST0386,P024,T008,2024-03-30,5,32000,160000
ORD000314,CUST0159,P026,T008,2023-08-28,5,7500,37500
ORD000315,CUST0293,P015,T008,2023-07-18,3,85000,255000
ORD000316,CUST0258,P017,T007,2025-02-26,3,45000,135000
ORD000317,CUST0071,P028,T005,2023-06-15,2,65000,130000
ORD000318,CUST0284,P030,T002,2023-02-23,4,32000,128000
ORD000319,CUST0146,P003,T003,2024-12-29,5,1200,6000
ORD000320,CUST0076,P027,T007,2023-10-07,4,65000,260000
ORD000321,CUST0179,P030,T001,2023-04-04,2,45000,90000
ORD000322,CUST0258,P012,T004,2024-02-29,1,45000,45000
ORD000323,CUST0115,P001,T006,2024-01-31,1,32000,32000
ORD000324,CUST0071,P002,T005,2023-04-12,3,7500,22500
ORD000325,CUST0241,P015,T001,2024-04-28,2,85000,170000
ORD000326,CUST0111,P027,T003,2023-03-23,1,32000,32000
ORD000327,CUST0217,P004,T005,2024-07-15,5,65000,325000
ORD000328,CUST0025,P008,T007,2023-09-01,3,1200,3600
ORD000329,CUST0033,P004,T008,2024-10-16,5,45000,225000
ORD000330,CUST0324,P017,T004,2024-09-03,5,1200,6000
ORD000331,CUST0220,P001,T006,2025-01-05,2,32000,64000
ORD000332,CUST0096,P022,T002,2023-09-04,5,45000,225000
ORD000333,CUST0270,P018,T001,2024-06-20,3,1200,3600
ORD000334,CUST0326,P013,T006,2024-02-04,4,1200,4800
ORD000335,CUST0404,P003,T006,2023-09-17,1,32000,32000
ORD000336,CUST0377,P025,T006,2023-09-04,1,65000,65000
ORD000337,CUST0280,P011,T003,2023-05-17,1,32000,32000
ORD000338,CUST0246,P021,T003,2025-03-08,4,85000,340000
ORD000339,CUST0398,P015,T001,2023-05-19,1,85000,85000
ORD000340,CUST0406,P007,T001,2023-10-28,2,1200,2400
ORD000341,CUST0204,P027,T008,2023-11-20,3,65000,195000
ORD000342,CUST0098,P010,T006,2023-09-17,1,85000,85000
ORD000343,CUST0170,P009,T002,2025-03-10,1,85000,85000
ORD000344,CUST0381,P015,T007,2024-01-12,4,45000,180000
ORD000345,CUST0355,P016,T006,2023-12-14,2,45000,90000
ORD000346,CUST0373,P014,T002,2024-06-15,3,1200,3600
ORD000347,CUST0280,P010,T006,2024-03-16,5,7500,37500
ORD000348,CUST0339,P010,T005,2023-04-16,1,32000,32000
ORD000349,CUST0219,P006,T008,2024-04-01,5,85000,425000
ORD000350,CUST0373,P028,T006,2023-12-26,4,1200,4800
ORD000351,CUST0328,P026,T001,2024-09-21,4,32000,128000
ORD000352,CUST0263,P026,T003,2023-03-18,4,32000,128000
ORD000353,CUST0348,P026,T008,2023-02-01,2,65000,130000
ORD000354,CUST0121,P025,T006,2023-02-05,2,1200,2400
ORD000355,CUST0017,P020,T003,2024-01-06,4,65000,260000
ORD000356,CUST0191,P015,T002,2024-11-26,4,32000,128000
ORD000357,CUST0188,P013,T006,2024-08-10,2,65000,130000
ORD000358,CUST0059,P001,T003,2024-10-27,3,7500,22500
ORD000359,CUST0288,P004,T005,2024-05-26,5,45000,225000
ORD000360,CUST0229,P007,T005,2025-03-04,3,85000,255000
ORD000361,CUST0063,P005,T002,2024-12-11,4,7500,30000
ORD000362,CUST0228,P003,T006,2024-04-07,2,85000,170000
ORD000363,CUST0034,P018,T005,2024-11-14,3,85000,255000
ORD000364,CUST0364,P030,T003,2023-11-04,2,85000,170000
ORD000365,CUST0063,P007,T003,2024-01-06,5,7500,37500
ORD000366,CUST0185,P018,T006,2023-08-31,4,1200,4800
ORD000367,CUST0314,P029,T002,2024-04-23,5,7500,37500
ORD000368,CUST0368,P024,T008,2023-03-09,3,45000,135000
ORD000369,CUST0422,P019,T002,2024-06-22,4,45000,180000
ORD000370,CUST0038,P015,T008,2023-05-09,3,85000,255000
ORD000371,CUST0066,P029,T003,2024-11-27,5,32000,160000
ORD000372,CUST0258,P030,T001,2025-02-25,2,45000,90000
ORD000373,CUST0156,P006,T003,2023-05-08,5,7500,37500
ORD000374,CUST0266,P029,T005,2023-11-27,2,32000,64000
ORD000375,CUST0326,P018,T005,2023-03-22,3,7500,22500
ORD000376,CUST0274,P003,T003,2023-05-09,3,65000,195000
ORD000377,CUST0088,P022,T006,2024-08-29,5,7500,37500
ORD000378,CUST0042,P002,T005,2024-07-31,1,1200,1200
ORD000379,CUST0214,P020,T001,2024-10-28,2,65000,130000
ORD000380,CUST0329,P010,T008,2024-05-24,5,32000,160000
ORD000381,CUST0233,P003,T001,2023-09-08,4,32000,128000
ORD000382,CUST0248,P015,T004,2023-06-11,4,45000,180000
ORD000383,CUST0161,P028,T006,2023-12-15,5,7500,37500
ORD000384,CUST0067,P025,T006,2025-01-21,3,45000,135000
ORD000385,CUST0164,P008,T008,2024-06-11,5,1200,6000
ORD000386,CUST0127,P005,T002,2023-05-06,3,45000,135000
ORD000387,CUST0443,P020,T007,2023-02-21,3,45000,135000
ORD000388,CUST0296,P024,T006,2023-09-12,2,32000,64000
ORD000389,CUST0264,P015,T008,2023-07-14,2,45000,90000
ORD000390,CUST0047,P013,T008,2023-11-12,4,1200,4800
ORD000391,CUST0181,P002,T001,2023-09-04,2,65000,130000
ORD000392,CUST0432,P021,T008,2023-10-16,4,65000,260000
ORD000393,CUST0434,P004,T007,2023-10-20,5,1200,6000
ORD000394,CUST0188,P025,T007,2023-05-18,3,85000,255000
ORD000395,CUST0027,P019,T004,2024-01-10,1,45000,45000
ORD000396,CUST0038,P013,T008,2024-01-07,5,32000,160000
ORD000397,CUST0423,P020,T002,2025-02-21,5,32000,160000
ORD000398,CUST0192,P026,T006,2023-05-12,1,45000,45000
ORD000399,CUST0102,P020,T007,2024-07-25,3,7500,22500
ORD000400,CUST0020,P005,T006,2024-05-27,1,1200,1200
ORD000401,CUST0077,P020,T003,2024-04-30,5,45000,225000
ORD000402,CUST0084,P013,T005,2023-12-02,5,32000,160000
ORD000403,CUST0425,P017,T008,2024-08-30,3,65000,195000
ORD000404,CUST0244,P027,T001,2024-12-26,5,32000,160000
ORD000405,CUST0057,P014,T005,2024-01-13,3,85000,255000
ORD000406,CUST0243,P009,T004,2025-01-12,1,65000,65000
ORD000407,CUST0246,P006,T007,2025-01-08,1,65000,65000
ORD000408,CUST0294,P023,T002,2023-06-01,2,1200,2400
ORD000409,CUST0161,P014,T003,2023-07-15,1,45000,45000
ORD000410,CUST0257,P025,T008,2024-02-27,2,45000,90000
ORD000411,CUST0071,P017,T004,2025-01-23,1,85000,85000
ORD000412,CUST0245,P017,T007,2024-07-28,3,85000,255000
ORD000413,CUST0273,P011,T006,2023-11-18,2,45000,90000
ORD000414,CUST0248,P007,T004,2024-11-23,3,65000,195000
ORD000415,CUST0116,P010,T005,2023-10-13,5,32000,160000
ORD000416,CUST0361,P016,T006,2024-12-22,2,85000,170000
ORD000417,CUST0408,P024,T005,2024-05-06,3,65000,195000
ORD000418,CUST0347,P018,T007,2023-10-22,1,65000,65000
ORD000419,CUST0149,P002,T005,2024-02-09,3,7500,22500
ORD000420,CUST0227,P021,T005,2025-01-01,1,32000,32000
ORD000421,CUST0104,P027,T005,2025-02-04,4,7500,30000
ORD000422,CUST0056,P020,T004,2024-07-29,3,7500,22500
ORD000423,CUST0272,P008,T004,2023-09-06,1,85000,85000
ORD000424,CUST0170,P023,T008,2023-02-23,1,45000,45000
ORD000425,CUST0282,P030,T003,2023-04-13,2,1200,2400
ORD000426,CUST0334,P007,T005,2024-02-21,4,45000,180000
ORD000427,CUST0031,P030,T002,2023-11-25,3,85000,255000
ORD000428,CUST0274,P024,T001,2024-10-29,5,7500,37500
ORD000429,CUST0019,P027,T007,2023-06-29,4,7500,30000
ORD000430,CUST0447,P030,T005,2024-05-22,2,85000,170000
ORD000431,CUST0291,P020,T002,2023-02-08,1,32000,32000
ORD000432,CUST0329,P018,T008,2023-12-10,3,45000,135000
ORD000433,CUST0140,P007,T002,2023-05-18,5,45000,225000
ORD000434,CUST0235,P021,T005,2023-12-05,2,85000,170000
ORD000435,CUST0378,P011,T005,2025-01-05,2,1200,2400
ORD000436,CUST0313,P028,T007,2024-08-04,2,7500,15000
ORD000437,CUST0045,P013,T002,2024-03-13,5,32000,160000
ORD000438,CUST0166,P030,T004,2023-07-09,2,45000,90000
ORD000439,CUST0121,P015,T005,2023-01-07,3,45000,135000
ORD000440,CUST0371,P019,T001,2023-12-04,3,65000,195000
ORD000441,CUST0121,P002,T002,2023-09-25,3,85000,255000
ORD000442,CUST0208,P022,T005,2024-04-21,3,7500,22500
ORD000443,CUST0152,P012,T004,2024-12-07,1,85000,85000
ORD000444,CUST0079,P015,T006,2023-08-13,2,45000,90000
ORD000445,CUST0388,P018,T004,2024-03-01,5,45000,225000
ORD000446,CUST0387,P020,T002,2025-02-19,2,85000,170000
ORD000447,CUST0361,P012,T002,2024-06-22,4,65000,260000
ORD000448,CUST0425,P018,T004,2024-07-31,1,1200,1200
ORD000449,CUST0085,P011,T008,2024-08-09,5,7500,37500
ORD000450,CUST0299,P016,T002,2023-04-30,2,85000,170000
ORD000451,CUST0233,P005,T007,2024-06-06,4,1200,4800
ORD000452,CUST0287,P015,T005,2024-04-12,5,1200,6000
ORD000453,CUST0131,P027,T001,2025-01-10,1,45000,45000
ORD000454,CUST0038,P002,T007,2025-02-02,2,65000,130000
ORD000455,CUST0031,P030,T002,2023-12-19,1,65000,65000
ORD000456,CUST0210,P006,T003,2024-04-28,1,32000,32000
ORD000457,CUST0196,P015,T007,2025-02-23,4,32000,128000
ORD000458,CUST0339,P028,T003,2024-01-20,1,85000,85000
ORD000459,CUST0092,P018,T007,2024-10-31,3,1200,3600
ORD000460,CUST0115,P027,T001,2024-06-25,2,85000,170000
ORD000461,CUST0238,P022,T007,2025-02-13,1,32000,32000
ORD000462,CUST0127,P015,T006,2024-06-28,4,7500,30000
ORD000463,CUST0449,P024,T002,2023-06-08,3,7500,22500
ORD000464,CUST0393,P030,T001,2023-02-02,4,65000,260000
ORD000465,CUST0052,P020,T001,2023-09-04,2,1200,2400
ORD000466,CUST0361,P028,T001,2024-04-02,5,85000,425000
ORD000467,CUST0225,P008,T004,2023-09-08,1,45000,45000
ORD000468,CUST0258,P010,T004,2025-02-11,1,7500,7500
ORD000469,CUST0296,P020,T006,2025-01-19,5,32000,160000
ORD000470,CUST0339,P017,T004,2023-08-31,3,7500,22500
ORD000471,CUST0032,P018,T003,2024-02-28,3,32000,96000
ORD000472,CUST0254,P002,T006,2024-10-03,4,65000,260000
ORD000473,CUST0164,P023,T007,2024-10-20,4,65000,260000
ORD000474,CUST0193,P006,T008,2024-02-23,2,32000,64000
ORD000475,CUST0440,P023,T003,2023-09-04,2,32000,64000
ORD000476,CUST0212,P014,T003,2024-04-19,1,65000,65000
ORD000477,CUST0105,P011,T002,2024-02-02,2,32000,64000
ORD000478,CUST0275,P024,T004,2024-04-05,3,1200,3600
ORD000479,CUST0345,P020,T001,2023-02-22,3,45000,135000
ORD000480,CUST0371,P022,T004,2023-03-16,2,65000,130000
ORD000481,CUST0156,P030,T001,2024-05-05,2,32000,64000
ORD000482,CUST0061,P024,T008,2023-08-05,2,85000,170000
ORD000483,CUST0105,P013,T004,2023-09-06,5,85000,425000
ORD000484,CUST0195,P015,T006,2024-07-19,3,32000,96000
ORD000485,CUST0263,P029,T008,2023-11-12,3,32000,96000
ORD000486,CUST0241,P025,T006,2024-04-22,1,85000,85000
ORD000487,CUST0212,P002,T004,2023-07-28,3,32000,96000
ORD000488,CUST0134,P018,T007,2025-01-29,2,1200,2400
ORD000489,CUST0169,P008,T007,2023-10-30,2,7500,15000
ORD000490,CUST0282,P021,T006,2024-08-06,2,45000,90000
ORD000491,CUST0329,P024,T008,2023-09-21,4,85000,340000
ORD000492,CUST0408,P012,T003,2024-04-16,2,85000,170000
ORD000493,CUST0095,P030,T001,2023-05-24,5,45000,225000
ORD000494,CUST0419,P022,T001,2024-06-20,1,1200,1200
ORD000495,CUST0071,P027,T004,2025-02-21,1,45000,45000
ORD000496,CUST0112,P017,T008,2023-03-11,2,1200,2400
ORD000497,CUST0327,P022,T008,2024-01-18,1,65000,65000
ORD000498,CUST0004,P018,T007,2024-11-06,4,1200,4800
ORD000499,CUST0370,P009,T005,2023-01-13,1,65000,65000
ORD000500,CUST0346,P014,T003,2023-01-18,5,85000,425000
ORD000501,CUST0077,P008,T004,2023-04-20,1,65000,65000
ORD000502,CUST0418,P012,T005,2024-09-26,5,32000,160000
ORD000503,CUST0208,P015,T004,2024-02-11,1,32000,32000
ORD000504,CUST0351,P027,T002,2024-12-14,2,32000,64000
ORD000505,CUST0208,P013,T007,2024-10-31,1,1200,1200
ORD000506,CUST0327,P001,T003,2024-07-19,4,1200,4800
ORD000507,CUST0331,P026,T006,2023-03-26,4,45000,180000
ORD000508,CUST0022,P008,T004,2024-08-02,1,65000,65000
ORD000509,CUST0139,P002,T002,2024-12-09,5,45000,225000
ORD000510,CUST0289,P022,T001,2024-12-01,3,65000,195000
ORD000511,CUST0107,P019,T003,2023-07-03,3,1200,3600
ORD000512,CUST0154,P006,T004,2025-02-09,4,1200,4800
ORD000513,CUST0277,P011,T007,2024-08-03,4,85000,340000
ORD000514,CUST0371,P003,T006,2025-02-12,2,85000,170000
ORD000515,CUST0119,P027,T002,2023-02-24,1,45000,45000
ORD000516,CUST0305,P013,T006,2023-12-15,5,65000,325000
ORD000517,CUST0252,P008,T006,2023-01-31,3,45000,135000
ORD000518,CUST0096,P022,T007,2024-07-20,4,45000,180000
ORD000519,CUST0409,P008,T002,2023-03-29,5,32000,160000
ORD000520,CUST0195,P023,T003,2023-03-26,3,7500,22500
ORD000521,CUST0185,P004,T002,2025-01-27,4,32000,128000
ORD000522,CUST0185,P025,T005,2023-01-06,3,45000,135000
ORD000523,CUST0096,P014,T008,2023-04-15,2,1200,2400
ORD000524,CUST0209,P004,T001,2024-07-24,5,65000,325000
ORD000525,CUST0048,P020,T006,2023-04-02,3,65000,195000
ORD000526,CUST0212,P013,T002,2024-01-30,1,32000,32000
ORD000527,CUST0293,P017,T003,2025-01-12,5,7500,37500
ORD000528,CUST0072,P009,T005,2024-12-02,4,7500,30000
ORD000529,CUST0033,P006,T007,2023-10-02,4,7500,30000
ORD000530,CUST0248,P026,T002,2023-10-10,4,32000,128000
ORD000531,CUST0370,P021,T008,2024-01-05,3,7500,22500
ORD000532,CUST0235,P004,T003,2024-08-31,5,7500,37500
ORD000533,CUST0171,P027,T007,2023-11-08,1,45000,45000
ORD000534,CUST0221,P027,T003,2023-12-04,4,32000,128000
ORD000535,CUST0356,P007,T008,2023-11-04,3,65000,195000
ORD000536,CUST0164,P010,T008,2023-11-18,2,45000,90000
ORD000537,CUST0193,P009,T007,2024-08-12,2,32000,64000
ORD000538,CUST0103,P019,T003,2024-01-09,1,65000,65000
ORD000539,CUST0373,P015,T004,2024-11-29,5,1200,6000
ORD000540,CUST0036,P027,T007,2024-03-24,3,85000,255000
ORD000541,CUST0325,P010,T004,2024-11-20,4,7500,30000
ORD000542,CUST0217,P026,T007,2023-09-16,2,85000,170000
ORD000543,CUST0246,P019,T007,2023-03-17,4,65000,260000
ORD000544,CUST0215,P018,T001,2024-07-01,5,85000,425000
ORD000545,CUST0327,P030,T002,2024-01-04,5,65000,325000
ORD000546,CUST0341,P012,T003,2023-04-22,2,85000,170000
ORD000547,CUST0289,P021,T007,2024-10-24,5,1200,6000
ORD000548,CUST0055,P001,T002,2025-02-09,3,45000,135000
ORD000549,CUST0383,P017,T004,2023-09-22,2,65000,130000
ORD000550,CUST0238,P025,T003,2024-04-01,3,45000,135000
ORD000551,CUST0054,P010,T007,2023-12-20,1,45000,45000
ORD000552,CUST0073,P012,T005,2023-03-29,1,85000,85000
ORD000553,CUST0267,P016,T006,2023-12-18,4,7500,30000
ORD000554,CUST0370,P023,T008,2024-05-02,1,45000,45000
ORD000555,CUST0023,P026,T002,2023-11-23,1,32000,32000
ORD000556,CUST0056,P022,T003,2023-01-24,3,85000,255000
ORD000557,CUST0090,P018,T003,2025-01-28,2,65000,130000
ORD000558,CUST0237,P008,T007,2023-12-05,5,45000,225000
ORD000559,CUST0328,P022,T007,2024-10-06,2,7500,15000
ORD000560,CUST0315,P029,T004,2024-02-10,1,85000,85000
ORD000561,CUST0200,P001,T004,2024-04-05,5,45000,225000
ORD000562,CUST0415,P026,T002,2023-07-30,3,85000,255000
ORD000563,CUST0096,P012,T006,2024-08-14,1,65000,65000
ORD000564,CUST0135,P022,T008,2023-07-21,4,1200,4800
ORD000565,CUST0199,P020,T007,2024-06-24,3,65000,195000
ORD000566,CUST0181,P028,T008,2024-08-24,1,32000,32000
ORD000567,CUST0362,P026,T005,2024-09-24,2,85000,170000
ORD000568,CUST0345,P005,T006,2024-09-21,5,1200,6000
ORD000569,CUST0060,P006,T006,2023-05-01,2,32000,64000
ORD000570,CUST0199,P014,T003,2024-12-11,2,65000,130000
ORD000571,CUST0096,P016,T003,2024-08-11,4,45000,180000
ORD000572,CUST0148,P005,T003,2024-07-22,2,45000,90000
ORD000573,CUST0028,P028,T006,2023-11-19,4,65000,260000
ORD000574,CUST0100,P027,T007,2023-01-10,4,7500,30000
ORD000575,CUST0254,P014,T008,2024-07-29,5,85000,425000
ORD000576,CUST0086,P003,T001,2024-03-01,4,45000,180000
ORD000577,CUST0017,P009,T004,2025-02-18,2,32000,64000
ORD000578,CUST0400,P015,T008,2024-07-04,3,7500,22500
ORD000579,CUST0294,P004,T005,2024-07-16,5,1200,6000
ORD000580,CUST0278,P027,T001,2025-03-04,5,32000,160000
ORD000581,CUST0112,P014,T002,2025-02-17,4,65000,260000
ORD000582,CUST0448,P002,T008,2025-01-23,2,32000,64000
ORD000583,CUST0225,P028,T002,2023-09-27,3,1200,3600
ORD000584,CUST0416,P024,T006,2025-03-05,2,7500,15000
ORD000585,CUST0220,P006,T003,2024-12-28,5,85000,425000
ORD000586,CUST0292,P012,T005,2023-07-31,2,1200,2400
ORD000587,CUST0166,P023,T005,2024-09-03,5,7500,37500
ORD000588,CUST0440,P017,T002,2023-10-24,5,32000,160000
ORD000589,CUST0142,P028,T003,2023-05-19,4,1200,4800
ORD000590,CUST0075,P023,T006,2024-12-19,2,7500,15000
ORD000591,CUST0073,P019,T005,2023-09-11,4,45000,180000
ORD000592,CUST0232,P003,T002,2024-10-04,4,45000,180000
ORD000593,CUST0143,P023,T006,2024-02-17,5,85000,425000
ORD000594,CUST0298,P001,T002,2024-04-10,4,32000,128000
ORD000595,CUST0341,P023,T006,2025-01-18,4,85000,340000
ORD000596,CUST0112,P014,T004,2023-03-06,5,45000,225000
ORD000597,CUST0425,P010,T006,2024-05-21,3,32000,96000
ORD000598,CUST0290,P028,T008,2024-07-14,5,7500,37500
ORD000599,CUST0051,P021,T008,2023-12-18,1,1200,1200
ORD000600,CUST0226,P015,T001,2023-01-17,1,7500,7500
ORD000601,CUST0068,P029,T005,2024-03-14,2,85000,170000
ORD000602,CUST0336,P012,T005,2023-06-12,3,1200,3600
ORD000603,CUST0333,P006,T001,2023-03-26,3,85000,255000
ORD000604,CUST0359,P025,T004,2024-02-10,3,85000,255000
ORD000605,CUST0049,P001,T004,2024-03-15,1,85000,85000
ORD000606,CUST0304,P008,T008,2024-05-03,1,7500,7500
ORD000607,CUST0176,P027,T002,2023-01-10,1,85000,85000
ORD000608,CUST0037,P008,T007,2024-03-08,2,45000,90000
ORD000609,CUST0161,P012,T005,2023-04-02,1,1200,1200
ORD000610,CUST0329,P022,T003,2023-05-21,4,7500,30000
ORD000611,CUST0005,P020,T003,2023-03-12,5,65000,325000
ORD000612,CUST0110,P021,T003,2024-03-26,3,85000,255000
ORD000613,CUST0227,P028,T004,2024-02-26,5,85000,425000
ORD000614,CUST0386,P004,T007,2023-03-30,1,7500,7500
ORD000615,CUST0406,P005,T004,2023-12-26,4,32000,128000
ORD000616,CUST0284,P020,T005,2023-10-11,1,7500,7500
ORD000617,CUST0449,P010,T004,2025-03-08,1,85000,85000
ORD000618,CUST0097,P024,T007,2024-06-14,5,65000,325000
ORD000619,CUST0254,P013,T002,2023-10-30,1,7500,7500
ORD000620,CUST0305,P003,T001,2023-09-04,4,85000,340000
ORD000621,CUST0199,P028,T007,2024-01-05,3,7500,22500
ORD000622,CUST0089,P025,T008,2024-01-10,5,85000,425000
ORD000623,CUST0301,P003,T001,2025-02-27,1,1200,1200
ORD000624,CUST0031,P026,T007,2023-09-26,2,1200,2400
ORD000625,CUST0365,P017,T007,2024-06-02,3,85000,255000
ORD000626,CUST0328,P018,T003,2024-03-09,4,1200,4800
ORD000627,CUST0041,P017,T004,2023-10-12,1,32000,32000
ORD000628,CUST0201,P019,T002,2023-06-09,5,32000,160000
ORD000629,CUST0434,P008,T001,2023-11-14,4,85000,340000
ORD000630,CUST0060,P015,T001,2023-09-08,1,45000,45000
ORD000631,CUST0007,P023,T003,2023-11-13,2,1200,2400
ORD000632,CUST0255,P012,T005,2024-12-19,1,7500,7500
ORD000633,CUST0384,P025,T005,2023-06-20,3,7500,22500
ORD000634,CUST0172,P026,T007,2025-01-20,1,1200,1200
ORD000635,CUST0135,P023,T002,2023-10-06,5,1200,6000
ORD000636,CUST0185,P002,T008,2024-05-23,4,65000,260000
ORD000637,CUST0081,P009,T002,2024-08-03,2,32000,64000
ORD000638,CUST0380,P017,T001,2024-08-10,1,7500,7500
ORD000639,CUST0024,P016,T006,2023-02-15,1,7500,7500
ORD000640,CUST0440,P002,T007,2024-01-28,2,7500,15000
ORD000641,CUST0214,P030,T006,2023-08-18,3,7500,22500
ORD000642,CUST0191,P004,T001,2023-10-05,1,65000,65000
ORD000643,CUST0024,P013,T002,2023-07-03,2,65000,130000
ORD000644,CUST0168,P003,T008,2024-04-21,3,32000,96000
ORD000645,CUST0150,P019,T005,2023-01-09,3,7500,22500
ORD000646,CUST0238,P012,T008,2025-01-27,5,7500,37500
ORD000647,CUST0280,P025,T004,2025-03-02,2,85000,170000
ORD000648,CUST0013,P008,T006,2023-06-04,1,45000,45000
ORD000649,CUST0001,P025,T007,2024-10-13,1,32000,32000
ORD000650,CUST0106,P017,T004,2025-01-25,3,1200,3600
ORD000651,CUST0073,P023,T005,2024-03-05,4,1200,4800
ORD000652,CUST0433,P017,T007,2023-04-06,1,7500,7500
ORD000653,CUST0383,P003,T002,2024-12-18,3,45000,135000
ORD000654,CUST0420,P013,T002,2024-06-01,2,85000,170000
ORD000655,CUST0223,P022,T003,2024-08-29,5,1200,6000
ORD000656,CUST0436,P011,T007,2023-08-31,3,32000,96000
ORD000657,CUST0232,P009,T004,2024-12-18,3,32000,96000
ORD000658,CUST0400,P025,T002,2023-03-18,2,7500,15000
ORD000659,CUST0231,P015,T006,2023-06-09,1,7500,7500
ORD000660,CUST0184,P025,T004,2024-02-21,1,65000,65000
ORD000661,CUST0136,P028,T002,2024-04-07,3,45000,135000
ORD000662,CUST0156,P027,T001,2023-04-03,2,85000,170000
ORD000663,CUST0047,P023,T004,2023-08-09,3,7500,22500
ORD000664,CUST0026,P022,T005,2023-12-31,4,65000,260000
ORD000665,CUST0208,P028,T008,2023-09-24,2,1200,2400
ORD000666,CUST0049,P015,T002,2024-07-23,5,7500,37500
ORD000667,CUST0032,P027,T004,2023-05-24,1,1200,1200
ORD000668,CUST0191,P022,T002,2023-05-14,2,45000,90000
ORD000669,CUST0417,P003,T001,2024-08-19,5,32000,160000
ORD000670,CUST0228,P026,T003,2023-03-08,2,85000,170000
ORD000671,CUST0022,P015,T001,2023-04-05,3,1200,3600
ORD000672,CUST0421,P024,T007,2023-06-22,5,45000,225000
ORD000673,CUST0350,P014,T003,2024-05-23,1,45000,45000
ORD000674,CUST0141,P009,T008,2023-12-29,2,7500,15000
ORD000675,CUST0318,P020,T004,2023-06-02,1,65000,65000
ORD000676,CUST0211,P029,T008,2024-10-24,3,45000,135000
ORD000677,CUST0197,P005,T007,2023-03-04,1,32000,32000
ORD000678,CUST0323,P026,T001,2023-07-24,5,7500,37500
ORD000679,CUST0279,P026,T008,2024-01-27,3,45000,135000
ORD000680,CUST0165,P013,T005,2023-12-19,5,65000,325000
ORD000681,CUST0306,P008,T001,2023-07-04,1,32000,32000
ORD000682,CUST0415,P016,T006,2025-03-08,3,1200,3600
ORD000683,CUST0082,P004,T004,2025-02-24,5,7500,37500
ORD000684,CUST0274,P027,T001,2024-11-03,2,32000,64000
ORD000685,CUST0434,P026,T007,2025-02-21,2,65000,130000
ORD000686,CUST0122,P019,T006,2023-12-30,2,7500,15000
ORD000687,CUST0015,P023,T006,2025-01-25,3,65000,195000
ORD000688,CUST0289,P007,T008,2024-08-04,5,7500,37500
ORD000689,CUST0252,P002,T002,2024-07-09,3,7500,22500
ORD000690,CUST0113,P001,T008,2023-02-27,2,65000,130000
ORD000691,CUST0104,P026,T003,2023-01-01,3,65000,195000
ORD000692,CUST0031,P001,T003,2023-12-15,2,32000,64000
ORD000693,CUST0434,P017,T006,2024-08-23,2,1200,2400
ORD000694,CUST0340,P013,T002,2023-03-16,3,85000,255000
ORD000695,CUST0070,P006,T007,2023-12-11,3,32000,96000
ORD000696,CUST0163,P006,T006,2024-10-16,4,85000,340000
ORD000697,CUST0194,P010,T005,2023-08-17,5,7500,37500
ORD000698,CUST0001,P023,T007,2023-05-11,2,85000,170000
ORD000699,CUST0094,P020,T006,2025-02-28,5,1200,6000
ORD000700,CUST0290,P004,T008,2024-09-18,2,85000,170000
ORD000701,CUST0040,P008,T006,2023-05-25,3,85000,255000
ORD000702,CUST0046,P027,T006,2023-11-24,2,85000,170000
ORD000703,CUST0108,P008,T002,2024-04-02,1,32000,32000
ORD000704,CUST0369,P001,T001,2023-12-25,3,1200,3600
ORD000705,CUST0215,P006,T007,2024-01-31,4,85000,340000
ORD000706,CUST0280,P013,T002,2024-05-19,4,32000,128000
ORD000707,CUST0389,P022,T004,2024-05-05,5,85000,425000
ORD000708,CUST0410,P028,T001,2023-06-16,4,1200,4800
ORD000709,CUST0134,P004,T002,2023-10-29,1,32000,32000
ORD000710,CUST0083,P024,T002,2023-12-17,2,45000,90000
ORD000711,CUST0305,P020,T008,2024-07-14,1,32000,32000
ORD000712,CUST0335,P006,T007,2024-12-22,1,45000,45000
ORD000713,CUST0170,P007,T004,2023-06-10,1,1200,1200
ORD000714,CUST0374,P018,T005,2024-02-24,5,85000,425000
ORD000715,CUST0122,P004,T001,2024-11-07,3,32000,96000
ORD000716,CUST0431,P016,T003,2024-02-07,5,65000,325000
ORD000717,CUST0219,P003,T005,2023-02-25,3,1200,3600
ORD000718,CUST0103,P004,T001,2024-11-08,5,45000,225000
ORD000719,CUST0150,P003,T008,2023-07-31,2,85000,170000
ORD000720,CUST0242,P016,T005,2023-04-29,3,45000,135000
ORD000721,CUST0095,P012,T007,2023-04-04,5,45000,225000
ORD000722,CUST0023,P009,T008,2024-01-14,2,45000,90000
ORD000723,CUST0429,P009,T001,2024-04-21,3,7500,22500
ORD000724,CUST0343,P012,T007,2023-06-04,1,1200,1200
ORD000725,CUST0284,P002,T007,2025-02-13,5,7500,37500
ORD000726,CUST0352,P028,T008,2024-06-19,4,65000,260000
ORD000727,CUST0154,P003,T007,2024-08-09,2,45000,90000
ORD000728,CUST0293,P029,T003,2025-01-01,1,65000,65000
ORD000729,CUST0086,P007,T004,2023-05-04,4,7500,30000
ORD000730,CUST0041,P022,T007,2023-05-10,1,45000,45000
ORD000731,CUST0133,P011,T002,2023-07-26,2,65000,130000
ORD000732,CUST0204,P018,T006,2023-03-31,4,65000,260000
ORD000733,CUST0448,P001,T007,2023-10-10,5,45000,225000
ORD000734,CUST0076,P019,T002,2023-04-26,4,7500,30000
ORD000735,CUST0403,P010,T006,2023-04-19,5,1200,6000
ORD000736,CUST0336,P016,T008,2024-02-25,3,45000,135000
ORD000737,CUST0207,P005,T007,2023-02-08,2,32000,64000
ORD000738,CUST0354,P008,T001,2023-02-09,4,32000,128000
ORD000739,CUST0191,P001,T006,2025-02-02,4,32000,128000
ORD000740,CUST0432,P016,T002,2023-11-07,3,32000,96000
ORD000741,CUST0381,P015,T006,2023-08-22,2,32000,64000
ORD000742,CUST0331,P003,T004,2023-10-03,4,65000,260000
ORD000743,CUST0380,P016,T006,2024-03-28,2,45000,90000
ORD000744,CUST0034,P010,T007,2023-02-27,5,7500,37500
ORD000745,CUST0015,P006,T004,2023-05-19,5,65000,325000
ORD000746,CUST0017,P015,T001,2023-07-25,1,7500,7500
ORD000747,CUST0189,P027,T008,2024-01-05,2,32000,64000
ORD000748,CUST0064,P022,T001,2024-06-01,4,85000,340000
ORD000749,CUST0305,P015,T003,2023-09-05,3,45000,135000
ORD000750,CUST0180,P012,T003,2024-04-30,5,65000,325000
ORD000751,CUST0015,P013,T001,2023-09-22,1,32000,32000
ORD000752,CUST0439,P008,T004,2023-06-16,5,7500,37500
ORD000753,CUST0334,P014,T001,2024-11-24,2,32000,64000
ORD000754,CUST0068,P021,T003,2025-03-10,1,45000,45000
ORD000755,CUST0130,P020,T005,2024-09-07,1,7500,7500
ORD000756,CUST0193,P028,T006,2024-12-30,3,45000,135000
ORD000757,CUST0239,P010,T007,2024-04-15,3,7500,22500
ORD000758,CUST0262,P022,T006,2024-08-21,1,1200,1200
ORD000759,CUST0145,P010,T002,2024-07-28,5,65000,325000
ORD000760,CUST0142,P021,T006,2024-05-08,1,32000,32000
ORD000761,CUST0365,P029,T005,2023-10-11,3,85000,255000
ORD000762,CUST0392,P008,T001,2023-07-12,2,65000,130000
ORD000763,CUST0164,P022,T003,2024-09-06,4,85000,340000
ORD000764,CUST0255,P010,T005,2025-01-08,1,85000,85000
ORD000765,CUST0378,P002,T004,2024-03-04,4,45000,180000
ORD000766,CUST0274,P021,T008,2023-12-18,2,85000,170000
ORD000767,CUST0154,P028,T003,2024-11-18,3,65000,195000
ORD000768,CUST0151,P004,T008,2024-11-04,5,7500,37500
ORD000769,CUST0414,P018,T003,2023-05-12,3,85000,255000
ORD000770,CUST0046,P008,T006,2024-11-27,3,85000,255000
ORD000771,CUST0404,P029,T006,2023-08-17,3,45000,135000
ORD000772,CUST0151,P015,T002,2024-01-16,3,65000,195000
ORD000773,CUST0299,P019,T002,2024-04-26,1,85000,85000
ORD000774,CUST0062,P028,T007,2024-04-28,2,65000,130000
ORD000775,CUST0028,P028,T003,2024-06-26,3,45000,135000
ORD000776,CUST0210,P019,T008,2023-05-21,2,32000,64000
ORD000777,CUST0093,P025,T002,2023-05-27,3,85000,255000
ORD000778,CUST0091,P011,T001,2024-05-14,3,85000,255000
ORD000779,CUST0108,P025,T003,2023-01-05,4,32000,128000
ORD000780,CUST0403,P025,T002,2024-08-13,2,45000,90000
ORD000781,CUST0325,P014,T007,2023-05-13,5,45000,225000
ORD000782,CUST0003,P002,T004,2024-03-15,4,45000,180000
ORD000783,CUST0165,P025,T004,2025-01-18,3,1200,3600
ORD000784,CUST0376,P008,T004,2023-01-19,1,85000,85000
ORD000785,CUST0067,P004,T007,2024-12-11,3,32000,96000
ORD000786,CUST0086,P003,T001,2024-05-30,5,32000,160000
ORD000787,CUST0373,P017,T006,2023-11-02,3,45000,135000
ORD000788,CUST0251,P012,T004,2024-03-20,2,32000,64000
ORD000789,CUST0117,P008,T003,2023-06-18,4,1200,4800
ORD000790,CUST0259,P006,T002,2023-08-05,1,65000,65000
ORD000791,CUST0449,P021,T005,2024-01-11,1,45000,45000
ORD000792,CUST0025,P020,T001,2025-02-28,5,65000,325000
ORD000793,CUST0429,P001,T001,2024-11-08,1,85000,85000
ORD000794,CUST0228,P013,T002,2024-12-07,1,45000,45000
ORD000795,CUST0360,P005,T004,2024-07-14,3,45000,135000
ORD000796,CUST0216,P022,T002,2024-12-12,1,32000,32000
ORD000797,CUST0319,P020,T003,2024-11-09,5,32000,160000
ORD000798,CUST0369,P020,T002,2024-03-04,1,65000,65000
ORD000799,CUST0255,P007,T004,2023-10-17,1,1200,1200
ORD000800,CUST0104,P012,T007,2025-03-07,3,65000,195000
ORD000801,CUST0281,P016,T004,2023-10-30,2,1200,2400
ORD000802,CUST0121,P001,T001,2024-12-05,4,32000,128000
ORD000803,CUST0428,P019,T008,2024-11-18,1,1200,1200
ORD000804,CUST0039,P024,T002,2023-06-02,1,65000,65000
ORD000805,CUST0152,P009,T008,2023-09-20,2,45000,90000
ORD000806,CUST0448,P002,T005,2023-02-21,1,7500,7500
ORD000807,CUST0379,P004,T002,2024-01-04,3,45000,135000
ORD000808,CUST0437,P005,T003,2025-02-15,1,1200,1200
ORD000809,CUST0319,P009,T002,2023-12-03,3,45000,135000
ORD000810,CUST0059,P013,T007,2024-01-17,3,7500,22500
ORD000811,CUST0354,P028,T008,2024-04-12,3,45000,135000
ORD000812,CUST0068,P023,T001,2024-03-07,2,1200,2400
ORD000813,CUST0303,P016,T008,2023-06-13,1,45000,45000
ORD000814,CUST0399,P012,T001,2023-07-05,5,45000,225000
ORD000815,CUST0250,P004,T007,2024-12-01,2,45000,90000
ORD000816,CUST0134,P021,T006,2024-03-27,1,1200,1200
ORD000817,CUST0296,P024,T004,2023-01-13,5,85000,425000
ORD000818,CUST0268,P023,T002,2024-11-16,3,65000,195000
ORD000819,CUST0178,P022,T007,2024-03-19,2,45000,90000
ORD000820,CUST0028,P001,T003,2023-06-02,5,65000,325000
ORD000821,CUST0446,P006,T002,2024-06-01,4,45000,180000
ORD000822,CUST0124,P011,T005,2025-02-08,4,32000,128000
ORD000823,CUST0282,P021,T007,2023-02-21,5,7500,37500
ORD000824,CUST0236,P015,T008,2024-02-17,2,1200,2400
ORD000825,CUST0162,P004,T008,2023-04-01,4,45000,180000
ORD000826,CUST0207,P014,T001,2025-02-02,1,1200,1200
ORD000827,CUST0423,P003,T005,2024-07-24,5,1200,6000
ORD000828,CUST0336,P022,T008,2024-06-04,5,7500,37500
ORD000829,CUST0419,P008,T008,2023-12-16,3,1200,3600
ORD000830,CUST0308,P016,T006,2023-12-06,5,65000,325000
ORD000831,CUST0050,P025,T004,2025-01-03,4,1200,4800
ORD000832,CUST0425,P021,T005,2023-01-03,3,32000,96000
ORD000833,CUST0360,P004,T001,2024-07-14,5,32000,160000
ORD000834,CUST0421,P023,T007,2023-06-18,4,7500,30000
ORD000835,CUST0101,P007,T002,2023-04-20,3,65000,195000
ORD000836,CUST0423,P026,T004,2024-02-07,2,45000,90000
ORD000837,CUST0388,P014,T001,2025-01-03,3,1200,3600
ORD000838,CUST0396,P029,T008,2024-10-10,5,1200,6000
ORD000839,CUST0069,P016,T001,2024-04-13,5,65000,325000
ORD000840,CUST0222,P027,T008,2024-06-27,1,65000,65000
ORD000841,CUST0297,P006,T003,2024-06-04,2,85000,170000
ORD000842,CUST0308,P020,T006,2023-04-17,4,85000,340000
ORD000843,CUST0312,P030,T004,2024-05-31,4,45000,180000
ORD000844,CUST0151,P015,T003,2023-10-08,4,32000,128000
ORD000845,CUST0359,P029,T005,2023-05-22,4,65000,260000
ORD000846,CUST0365,P024,T004,2024-12-19,5,32000,160000
ORD000847,CUST0366,P010,T006,2023-07-25,2,65000,130000
ORD000848,CUST0333,P006,T006,2024-11-19,2,85000,170000
ORD000849,CUST0288,P016,T007,2024-12-28,1,32000,32000
ORD000850,CUST0450,P028,T007,2024-11-21,5,32000,160000
ORD000851,CUST0013,P013,T003,2023-01-14,5,1200,6000
ORD000852,CUST0137,P025,T003,2023-02-24,1,7500,7500
ORD000853,CUST0430,P002,T005,2023-10-21,3,7500,22500
ORD000854,CUST0184,P027,T008,2023-07-28,5,1200,6000
ORD000855,CUST0379,P018,T004,2023-04-15,5,85000,425000
ORD000856,CUST0122,P017,T005,2025-01-30,5,45000,225000
ORD000857,CUST0199,P014,T006,2024-12-10,1,45000,45000
ORD000858,CUST0381,P009,T004,2024-07-19,1,1200,1200
ORD000859,CUST0325,P023,T006,2024-09-27,4,7500,30000
ORD000860,CUST0379,P020,T004,2025-02-12,5,65000,325000
ORD000861,CUST0230,P006,T002,2025-03-05,2,32000,64000
ORD000862,CUST0264,P004,T007,2023-07-11,2,85000,170000
ORD000863,CUST0285,P009,T003,2023-02-11,4,32000,128000
ORD000864,CUST0003,P011,T008,2023-06-14,5,32000,160000
ORD000865,CUST0079,P030,T006,2024-12-27,2,1200,2400
ORD000866,CUST0316,P027,T005,2024-09-03,1,85000,85000
ORD000867,CUST0184,P003,T006,2024-05-17,5,65000,325000
ORD000868,CUST0267,P003,T003,2024-06-22,2,7500,15000
ORD000869,CUST0207,P003,T006,2024-03-01,5,65000,325000
ORD000870,CUST0170,P011,T006,2023-08-15,2,85000,170000
ORD000871,CUST0272,P016,T001,2023-10-28,2,65000,130000
ORD000872,CUST0124,P029,T004,2023-04-28,3,45000,135000
ORD000873,CUST0408,P004,T007,2023-02-10,3,45000,135000
ORD000874,CUST0145,P001,T006,2023-09-20,5,85000,425000
ORD000875,CUST0250,P002,T005,2024-06-10,5,45000,225000
ORD000876,CUST0264,P003,T002,2024-10-29,2,32000,64000
ORD000877,CUST0004,P021,T002,2023-06-21,5,65000,325000
ORD000878,CUST0218,P027,T002,2023-08-04,2,85000,170000
ORD000879,CUST0450,P024,T007,2023-07-30,5,85000,425000
ORD000880,CUST0352,P005,T001,2024-10-24,1,85000,85000
ORD000881,CUST0045,P003,T001,2024-04-15,3,1200,3600
ORD000882,CUST0037,P019,T004,2023-07-02,3,65000,195000
ORD000883,CUST0231,P021,T007,2023-09-22,4,45000,180000
ORD000884,CUST0200,P022,T002,2024-03-19,3,1200,3600
ORD000885,CUST0369,P020,T002,2024-07-01,1,85000,85000
ORD000886,CUST0359,P028,T002,2025-02-13,5,1200,6000
ORD000887,CUST0149,P026,T005,2024-01-02,5,1200,6000
ORD000888,CUST0392,P030,T008,2024-09-13,1,32000,32000
ORD000889,CUST0016,P016,T003,2024-01-26,4,85000,340000
ORD000890,CUST0383,P013,T005,2024-06-30,2,7500,15000
ORD000891,CUST0347,P029,T006,2024-10-11,2,32000,64000
ORD000892,CUST0073,P004,T001,2023-01-12,5,65000,325000
ORD000893,CUST0202,P018,T002,2023-01-06,5,65000,325000
ORD000894,CUST0380,P029,T006,2023-11-09,2,85000,170000
ORD000895,CUST0436,P017,T003,2023-08-05,4,85000,340000
ORD000896,CUST0316,P027,T005,2023-06-14,2,7500,15000
ORD000897,CUST0344,P026,T001,2023-07-18,1,7500,7500
ORD000898,CUST0331,P018,T002,2025-02-08,5,45000,225000
ORD000899,CUST0051,P007,T008,2023-10-25,1,32000,32000
ORD000900,CUST0344,P021,T004,2023-12-05,3,7500,22500
ORD000901,CUST0036,P029,T004,2023-04-13,3,65000,195000
ORD000902,CUST0169,P020,T005,2023-11-22,4,45000,180000
ORD000903,CUST0290,P019,T006,2024-12-11,5,7500,37500
ORD000904,CUST0003,P011,T004,2023-11-20,4,7500,30000
ORD000905,CUST0431,P012,T003,2023-08-15,4,32000,128000
ORD000906,CUST0237,P015,T006,2024-11-26,3,45000,135000
ORD000907,CUST0283,P004,T003,2025-03-04,3,45000,135000
ORD000908,CUST0431,P009,T003,2024-10-23,5,1200,6000
ORD000909,CUST0376,P029,T002,2024-07-05,2,32000,64000
ORD000910,CUST0435,P017,T001,2025-01-14,1,1200,1200
ORD000911,CUST0394,P019,T004,2024-08-18,5,45000,225000
ORD000912,CUST0279,P029,T008,2023-02-07,5,32000,160000
ORD000913,CUST0201,P008,T005,2024-10-31,2,32000,64000
ORD000914,CUST0262,P003,T007,2023-05-18,4,65000,260000
ORD000915,CUST0340,P008,T003,2024-01-08,5,1200,6000
ORD000916,CUST0229,P006,T003,2025-02-14,5,7500,37500
ORD000917,CUST0447,P005,T008,2024-08-02,5,85000,425000
ORD000918,CUST0390,P016,T004,2024-01-03,1,7500,7500
ORD000919,CUST0120,P002,T004,2023-03-06,3,32000,96000
ORD000920,CUST0241,P030,T008,2024-06-14,3,45000,135000
ORD000921,CUST0166,P004,T005,2023-02-17,1,85000,85000
ORD000922,CUST0279,P019,T003,2025-01-29,3,65000,195000
ORD000923,CUST0301,P021,T002,2024-01-21,4,32000,128000
ORD000924,CUST0115,P017,T007,2024-06-13,3,45000,135000
ORD000925,CUST0406,P016,T001,2023-12-28,3,45000,135000
ORD000926,CUST0085,P008,T002,2024-05-28,2,45000,90000
ORD000927,CUST0077,P006,T003,2024-06-10,3,7500,22500
ORD000928,CUST0419,P004,T004,2024-01-06,5,85000,425000
ORD000929,CUST0059,P016,T008,2024-02-29,3,85000,255000
ORD000930,CUST0083,P021,T007,2024-05-05,2,65000,130000
ORD000931,CUST0066,P019,T003,2023-01-23,2,1200,2400
ORD000932,CUST0294,P005,T001,2023-05-18,5,1200,6000
ORD000933,CUST0265,P013,T001,2023-06-20,3,7500,22500
ORD000934,CUST0111,P015,T008,2025-01-06,3,1200,3600
ORD000935,CUST0426,P014,T003,2024-05-08,2,7500,15000
ORD000936,CUST0338,P017,T005,2024-08-19,2,65000,130000
ORD000937,CUST0306,P019,T002,2023-06-21,3,45000,135000
ORD000938,CUST0068,P004,T001,2023-08-24,4,45000,180000
ORD000939,CUST0351,P014,T003,2023-07-27,5,65000,325000
ORD000940,CUST0244,P029,T001,2024-09-12,1,7500,7500
ORD000941,CUST0048,P016,T003,2024-06-28,5,1200,6000
ORD000942,CUST0397,P022,T007,2024-09-09,5,1200,6000
ORD000943,CUST0448,P002,T007,2024-06-18,4,32000,128000
ORD000944,CUST0180,P019,T002,2023-08-23,4,45000,180000
ORD000945,CUST0245,P025,T004,2024-03-11,2,32000,64000
ORD000946,CUST0449,P018,T007,2023-03-27,3,65000,195000
ORD000947,CUST0364,P024,T001,2023-09-21,2,1200,2400
ORD000948,CUST0267,P001,T007,2024-08-14,5,1200,6000
ORD000949,CUST0412,P011,T007,2024-11-01,2,85000,170000
ORD000950,CUST0219,P021,T005,2024-01-06,1,7500,7500
ORD000951,CUST0290,P012,T005,2023-09-25,5,45000,225000
ORD000952,CUST0212,P018,T008,2024-11-27,4,7500,30000
ORD000953,CUST0285,P016,T005,2023-07-03,3,65000,195000
ORD000954,CUST0397,P023,T007,2023-11-11,5,32000,160000
ORD000955,CUST0061,P024,T004,2025-01-23,2,85000,170000
ORD000956,CUST0110,P017,T007,2024-04-02,2,1200,2400
ORD000957,CUST0357,P022,T001,2023-12-13,5,65000,325000
ORD000958,CUST0003,P026,T002,2023-06-14,4,85000,340000
ORD000959,CUST0223,P003,T002,2023-05-29,4,65000,260000
ORD000960,CUST0041,P020,T001,2023-09-27,2,32000,64000
ORD000961,CUST0315,P021,T005,2025-01-11,4,45000,180000
ORD000962,CUST0397,P027,T003,2024-12-29,5,1200,6000
ORD000963,CUST0006,P007,T005,2024-10-17,4,45000,180000
ORD000964,CUST0262,P017,T004,2023-07-19,1,65000,65000
ORD000965,CUST0019,P012,T004,2024-09-21,2,85000,170000
ORD000966,CUST0045,P009,T007,2024-11-01,1,7500,7500
ORD000967,CUST0301,P007,T001,2023-12-28,4,45000,180000
ORD000968,CUST0282,P010,T006,2025-01-24,1,1200,1200
ORD000969,CUST0311,P007,T008,2023-12-22,3,7500,22500
ORD000970,CUST0134,P006,T007,2024-02-18,5,1200,6000
ORD000971,CUST0038,P017,T005,2024-06-02,1,65000,65000
ORD000972,CUST0132,P029,T005,2023-12-15,1,65000,65000
ORD000973,CUST0289,P016,T004,2024-12-11,4,45000,180000
ORD000974,CUST0349,P015,T001,2025-02-14,3,45000,135000
ORD000975,CUST0035,P013,T004,2024-05-08,1,32000,32000
ORD000976,CUST0212,P012,T001,2024-11-24,2,32000,64000
ORD000977,CUST0148,P003,T007,2024-12-18,3,7500,22500
ORD000978,CUST0284,P030,T003,2024-11-20,3,1200,3600
ORD000979,CUST0112,P029,T005,2024-05-02,3,32000,96000
ORD000980,CUST0378,P007,T004,2023-07-07,2,45000,90000
ORD000981,CUST0106,P008,T004,2025-01-23,2,32000,64000
ORD000982,CUST0080,P025,T002,2023-09-13,5,32000,160000
ORD000983,CUST0340,P016,T001,2023-05-03,1,85000,85000
ORD000984,CUST0435,P016,T006,2025-02-21,5,1200,6000
ORD000985,CUST0295,P028,T005,2024-09-27,3,45000,135000
ORD000986,CUST0144,P013,T004,2024-05-17,2,65000,130000
ORD000987,CUST0028,P017,T007,2025-02-07,5,7500,37500
ORD000988,CUST0258,P012,T007,2024-05-04,5,1200,6000
ORD000989,CUST0062,P023,T008,2024-12-03,2,45000,90000
ORD000990,CUST0346,P007,T007,2023-11-20,1,1200,1200
ORD000991,CUST0186,P020,T005,2024-08-17,1,32000,32000
ORD000992,CUST0122,P009,T008,2023-07-11,5,32000,160000
ORD000993,CUST0095,P016,T007,2024-09-19,3,32000,96000
ORD000994,CUST0386,P012,T006,2023-08-04,4,85000,340000
ORD000995,CUST0093,P019,T003,2024-02-15,3,45000,135000
ORD000996,CUST0370,P009,T004,2024-08-12,2,1200,2400
ORD000997,CUST0101,P005,T003,2024-07-22,4,45000,180000
ORD000998,CUST0216,P016,T003,2024-04-29,1,7500,7500
ORD000999,CUST0369,P011,T008,2024-10-07,5,65000,325000
ORD001000,CUST0440,P019,T001,2023-11-04,3,65000,195000
ORD001001,CUST0084,P002,T004,2024-02-12,1,85000,85000
ORD001002,CUST0050,P015,T006,2023-09-18,4,85000,340000
ORD001003,CUST0287,P018,T005,2023-09-24,3,32000,96000
ORD001004,CUST0063,P012,T004,2023-12-19,1,45000,45000
ORD001005,CUST0333,P018,T003,2024-08-13,5,85000,425000
ORD001006,CUST0167,P022,T008,2025-03-10,3,32000,96000
ORD001007,CUST0196,P020,T005,2025-03-04,4,1200,4800
ORD001008,CUST0328,P026,T006,2024-04-19,2,7500,15000
ORD001009,CUST0208,P028,T002,2024-03-07,5,65000,325000
ORD001010,CUST0117,P011,T006,2023-03-23,2,32000,64000
ORD001011,CUST0137,P020,T007,2024-10-30,3,85000,255000
ORD001012,CUST0383,P019,T008,2023-10-05,4,32000,128000
ORD001013,CUST0438,P001,T003,2024-02-28,2,7500,15000
ORD001014,CUST0129,P024,T002,2025-01-15,2,85000,170000
ORD001015,CUST0053,P004,T002,2023-08-04,2,45000,90000
ORD001016,CUST0014,P025,T007,2024-04-29,5,1200,6000
ORD001017,CUST0135,P020,T003,2024-06-20,1,1200,1200
ORD001018,CUST0118,P008,T005,2023-03-28,4,32000,128000
ORD001019,CUST0270,P027,T003,2024-03-29,2,7500,15000
ORD001020,CUST0183,P028,T006,2023-01-30,1,85000,85000
ORD001021,CUST0140,P018,T008,2024-05-02,4,65000,260000
ORD001022,CUST0303,P020,T008,2023-05-19,5,7500,37500
ORD001023,CUST0269,P021,T005,2024-10-08,5,45000,225000
ORD001024,CUST0117,P026,T002,2023-12-22,4,65000,260000
ORD001025,CUST0212,P009,T003,2024-03-28,3,32000,96000
ORD001026,CUST0268,P027,T003,2023-11-07,1,1200,1200
ORD001027,CUST0274,P001,T008,2023-12-19,3,45000,135000
ORD001028,CUST0005,P025,T007,2025-02-12,4,32000,128000
ORD001029,CUST0408,P001,T006,2023-10-27,5,7500,37500
ORD001030,CUST0224,P013,T004,2023-07-13,4,65000,260000
ORD001031,CUST0113,P009,T002,2023-06-17,4,45000,180000
ORD001032,CUST0392,P026,T005,2024-03-08,2,65000,130000
ORD001033,CUST0212,P007,T002,2023-10-19,5,32000,160000
ORD001034,CUST0057,P021,T008,2023-07-06,2,32000,64000
ORD001035,CUST0359,P020,T008,2024-09-24,4,32000,128000
ORD001036,CUST0078,P002,T001,2023-07-12,3,1200,3600
ORD001037,CUST0138,P005,T008,2023-07-10,1,32000,32000
ORD001038,CUST0047,P005,T001,2025-01-14,1,7500,7500
ORD001039,CUST0216,P010,T008,2024-05-20,2,32000,64000
ORD001040,CUST0406,P002,T006,2024-01-16,4,85000,340000
ORD001041,CUST0137,P025,T007,2023-03-24,2,1200,2400
ORD001042,CUST0093,P007,T005,2023-03-15,5,45000,225000
ORD001043,CUST0394,P023,T004,2024-01-26,1,1200,1200
ORD001044,CUST0378,P002,T004,2024-01-30,4,7500,30000
ORD001045,CUST0341,P007,T008,2024-04-16,1,65000,65000
ORD001046,CUST0082,P021,T001,2024-02-03,3,32000,96000
ORD001047,CUST0063,P009,T008,2025-02-01,5,65000,325000
ORD001048,CUST0185,P029,T001,2024-10-15,3,7500,22500
ORD001049,CUST0121,P021,T007,2024-11-13,2,1200,2400
ORD001050,CUST0407,P009,T002,2023-11-29,1,7500,7500
ORD001051,CUST0022,P019,T008,2024-02-10,2,1200,2400
ORD001052,CUST0191,P025,T002,2024-12-05,5,7500,37500
ORD001053,CUST0047,P022,T006,2023-09-12,2,45000,90000
ORD001054,CUST0183,P021,T003,2025-02-16,1,1200,1200
ORD001055,CUST0065,P016,T004,2024-12-19,5,1200,6000
ORD001056,CUST0388,P012,T008,2023-11-21,5,85000,425000
ORD001057,CUST0353,P013,T006,2025-01-20,2,1200,2400
ORD001058,CUST0021,P016,T008,2025-01-11,2,32000,64000
ORD001059,CUST0357,P016,T004,2024-07-26,3,65000,195000
ORD001060,CUST0179,P011,T008,2024-08-03,2,65000,130000
ORD001061,CUST0083,P003,T003,2023-10-09,5,65000,325000
ORD001062,CUST0278,P012,T008,2024-04-05,3,32000,96000
ORD001063,CUST0376,P006,T001,2023-01-01,5,45000,225000
ORD001064,CUST0123,P011,T002,2024-09-26,3,65000,195000
ORD001065,CUST0098,P017,T008,2024-11-05,5,45000,225000
ORD001066,CUST0314,P010,T006,2025-02-23,5,7500,37500
ORD001067,CUST0050,P017,T002,2024-02-24,3,1200,3600
ORD001068,CUST0448,P002,T004,2023-02-14,2,7500,15000
ORD001069,CUST0051,P002,T007,2023-04-20,4,7500,30000
ORD001070,CUST0320,P023,T005,2024-11-04,4,65000,260000
ORD001071,CUST0311,P023,T002,2023-02-20,3,7500,22500
ORD001072,CUST0252,P030,T002,2023-01-14,2,85000,170000
ORD001073,CUST0286,P024,T007,2024-04-24,1,32000,32000
ORD001074,CUST0137,P017,T001,2024-01-13,1,65000,65000
ORD001075,CUST0040,P007,T002,2025-01-21,1,32000,32000
ORD001076,CUST0198,P007,T004,2023-04-14,2,65000,130000
ORD001077,CUST0321,P006,T007,2024-06-22,2,65000,130000
ORD001078,CUST0296,P012,T008,2025-02-03,1,85000,85000
ORD001079,CUST0086,P026,T003,2024-12-20,4,1200,4800
ORD001080,CUST0173,P022,T003,2024-07-17,4,65000,260000
ORD001081,CUST0181,P029,T006,2024-06-30,5,45000,225000
ORD001082,CUST0212,P025,T007,2024-07-17,3,32000,96000
ORD001083,CUST0124,P019,T004,2025-01-13,3,65000,195000
ORD001084,CUST0131,P012,T008,2024-01-20,5,85000,425000
ORD001085,CUST0372,P002,T005,2024-04-03,4,1200,4800
ORD001086,CUST0070,P029,T005,2024-09-02,1,65000,65000
ORD001087,CUST0110,P028,T006,2023-01-07,3,7500,22500
ORD001088,CUST0262,P018,T003,2023-01-23,3,65000,195000
ORD001089,CUST0183,P005,T003,2023-04-07,1,45000,45000
ORD001090,CUST0128,P008,T005,2023-09-29,3,65000,195000
ORD001091,CUST0205,P019,T004,2023-11-04,1,65000,65000
ORD001092,CUST0167,P026,T008,2025-01-21,1,85000,85000
ORD001093,CUST0360,P019,T002,2023-06-27,4,85000,340000
ORD001094,CUST0375,P026,T007,2024-09-01,3,1200,3600
ORD001095,CUST0179,P029,T007,2023-03-22,1,32000,32000
ORD001096,CUST0383,P021,T001,2024-03-02,1,7500,7500
ORD001097,CUST0157,P017,T001,2024-10-11,4,1200,4800
ORD001098,CUST0077,P011,T004,2023-11-23,5,65000,325000
ORD001099,CUST0375,P013,T008,2023-06-06,1,85000,85000
ORD001100,CUST0259,P003,T004,2025-02-09,5,65000,325000
ORD001101,CUST0076,P005,T006,2024-03-18,3,45000,135000
ORD001102,CUST0382,P002,T007,2023-03-26,4,65000,260000
ORD001103,CUST0257,P014,T003,2023-09-26,1,45000,45000
ORD001104,CUST0287,P007,T008,2025-02-19,2,45000,90000
ORD001105,CUST0288,P020,T004,2024-02-09,5,7500,37500
ORD001106,CUST0398,P014,T006,2023-09-06,1,32000,32000
ORD001107,CUST0058,P022,T007,2024-12-02,5,1200,6000
ORD001108,CUST0098,P011,T006,2024-03-09,3,32000,96000
ORD001109,CUST0087,P012,T008,2024-08-31,1,32000,32000
ORD001110,CUST0023,P030,T004,2024-09-30,2,45000,90000
ORD001111,CUST0388,P024,T002,2023-07-24,3,7500,22500
ORD001112,CUST0318,P030,T003,2023-04-26,1,7500,7500
ORD001113,CUST0356,P026,T002,2023-10-22,1,32000,32000
ORD001114,CUST0012,P011,T004,2023-11-09,4,45000,180000
ORD001115,CUST0105,P018,T005,2025-01-27,5,7500,37500
ORD001116,CUST0374,P005,T001,2024-07-15,4,65000,260000
ORD001117,CUST0270,P002,T005,2024-01-21,5,85000,425000
ORD001118,CUST0103,P026,T005,2023-06-24,1,32000,32000
ORD001119,CUST0005,P003,T007,2023-02-24,4,85000,340000
ORD001120,CUST0437,P030,T006,2024-11-07,3,85000,255000
ORD001121,CUST0445,P029,T007,2023-04-21,1,32000,32000
ORD001122,CUST0364,P004,T006,2023-08-25,4,65000,260000
ORD001123,CUST0046,P006,T004,2024-05-11,5,65000,325000
ORD001124,CUST0365,P001,T001,2024-05-27,4,65000,260000
ORD001125,CUST0171,P016,T007,2023-09-11,5,32000,160000
ORD001126,CUST0178,P022,T006,2025-02-01,2,1200,2400
ORD001127,CUST0257,P009,T001,2023-12-30,3,7500,22500
ORD001128,CUST0418,P001,T005,2024-10-02,3,45000,135000
ORD001129,CUST0202,P022,T003,2023-08-19,2,32000,64000
ORD001130,CUST0348,P020,T004,2023-03-31,4,65000,260000
ORD001131,CUST0079,P014,T005,2024-03-03,2,65000,130000
ORD001132,CUST0278,P005,T004,2024-09-11,3,45000,135000
ORD001133,CUST0278,P022,T004,2024-10-30,2,65000,130000
ORD001134,CUST0362,P029,T003,2023-05-22,3,85000,255000
ORD001135,CUST0290,P030,T003,2024-03-16,2,85000,170000
ORD001136,CUST0273,P024,T002,2023-11-22,1,65000,65000
ORD001137,CUST0373,P001,T006,2023-07-08,3,7500,22500
ORD001138,CUST0227,P024,T005,2024-02-28,4,32000,128000
ORD001139,CUST0068,P006,T001,2023-06-05,2,1200,2400
ORD001140,CUST0137,P020,T004,2025-02-19,5,65000,325000
ORD001141,CUST0352,P001,T006,2024-09-02,2,7500,15000
ORD001142,CUST0258,P028,T008,2023-03-23,4,7500,30000
ORD001143,CUST0437,P013,T008,2024-12-30,3,7500,22500
ORD001144,CUST0099,P008,T001,2024-04-30,2,7500,15000
ORD001145,CUST0212,P008,T004,2024-02-23,1,32000,32000
ORD001146,CUST0091,P030,T008,2025-02-14,2,1200,2400
ORD001147,CUST0167,P028,T008,2024-09-23,4,85000,340000
ORD001148,CUST0398,P002,T007,2023-09-10,4,45000,180000
ORD001149,CUST0314,P024,T001,2025-01-07,3,45000,135000
ORD001150,CUST0234,P027,T001,2024-06-17,1,45000,45000
ORD001151,CUST0203,P024,T001,2023-09-09,5,65000,325000
ORD001152,CUST0392,P021,T001,2024-07-25,4,65000,260000
ORD001153,CUST0204,P029,T005,2023-07-14,3,45000,135000
ORD001154,CUST0086,P014,T005,2025-03-03,3,45000,135000
ORD001155,CUST0265,P029,T003,2024-09-19,1,85000,85000
ORD001156,CUST0370,P017,T002,2024-04-19,4,1200,4800
ORD001157,CUST0280,P005,T007,2023-07-04,5,85000,425000
ORD001158,CUST0013,P006,T008,2024-02-28,3,45000,135000
ORD001159,CUST0047,P009,T006,2024-08-27,2,45000,90000
ORD001160,CUST0376,P004,T002,2024-12-09,2,85000,170000
ORD001161,CUST0186,P003,T007,2023-04-27,4,85000,340000
ORD001162,CUST0082,P013,T007,2025-01-14,5,65000,325000
ORD001163,CUST0290,P028,T003,2023-02-14,2,32000,64000
ORD001164,CUST0394,P023,T001,2023-06-16,2,7500,15000
ORD001165,CUST0374,P025,T008,2024-03-05,3,32000,96000
ORD001166,CUST0068,P007,T001,2023-10-23,2,1200,2400
ORD001167,CUST0235,P016,T008,2024-09-29,3,1200,3600
ORD001168,CUST0253,P008,T004,2024-07-10,1,65000,65000
ORD001169,CUST0210,P015,T002,2024-08-25,4,45000,180000
ORD001170,CUST0126,P029,T005,2024-09-07,5,1200,6000
ORD001171,CUST0026,P006,T003,2024-09-26,5,7500,37500
ORD001172,CUST0075,P028,T001,2023-02-26,3,1200,3600
ORD001173,CUST0153,P011,T002,2024-11-14,5,65000,325000
ORD001174,CUST0092,P006,T005,2023-02-20,1,45000,45000
ORD001175,CUST0404,P018,T003,2024-09-17,5,65000,325000
ORD001176,CUST0019,P003,T005,2024-04-11,5,32000,160000
ORD001177,CUST0420,P003,T007,2023-11-27,3,45000,135000
ORD001178,CUST0242,P005,T002,2024-07-17,1,32000,32000
ORD001179,CUST0270,P014,T004,2024-12-12,3,32000,96000
ORD001180,CUST0030,P004,T002,2024-12-13,2,65000,130000
ORD001181,CUST0148,P014,T006,2024-05-10,5,85000,425000
ORD001182,CUST0320,P012,T003,2023-09-23,5,65000,325000
ORD001183,CUST0267,P024,T008,2024-09-21,5,45000,225000
ORD001184,CUST0120,P023,T005,2024-05-19,2,65000,130000
ORD001185,CUST0013,P015,T002,2023-07-18,1,1200,1200
ORD001186,CUST0213,P014,T001,2025-01-25,2,65000,130000
ORD001187,CUST0413,P021,T004,2023-12-08,3,65000,195000
ORD001188,CUST0145,P009,T002,2023-01-12,2,85000,170000
ORD001189,CUST0282,P011,T001,2023-11-12,3,65000,195000
ORD001190,CUST0203,P024,T001,2023-04-27,3,32000,96000
ORD001191,CUST0427,P011,T008,2023-06-29,2,32000,64000
ORD001192,CUST0070,P016,T003,2024-04-30,1,85000,85000
ORD001193,CUST0172,P015,T007,2024-10-04,4,65000,260000
ORD001194,CUST0154,P019,T006,2025-01-30,1,65000,65000
ORD001195,CUST0107,P019,T006,2024-07-22,5,1200,6000
ORD001196,CUST0144,P027,T001,2023-12-29,1,7500,7500
ORD001197,CUST0274,P027,T003,2023-12-14,4,85000,340000
ORD001198,CUST0096,P020,T002,2024-08-07,5,45000,225000
ORD001199,CUST0440,P011,T001,2025-02-08,3,85000,255000
ORD001200,CUST0255,P029,T004,2023-10-06,4,1200,4800
